<?xml version="1.0" encoding="UTF-8"?>
<!DOCTYPE suite SYSTEM "https://testng.org/testng-1.0.dtd">
<suite name="Suite" parallel="classes">
<listeners>
<listener class-name="sis.aps.utilities.listeners" />
</listeners>
  <test thread-count="2" name="Test">
    <classes>
    
   
   	 <class name="sis.aps.testcases.Create_MyNew_Crew_2826"/>
     <class name="sis.aps.testcases.MyCrewTimesheets_Submit_Approve_Reject"/>
     <class name="sis.aps.testcases.Create_AllNew_Crew_2825"/>
     
     
    
     
    </classes>
  </test> <!-- Test -->
</suite> <!-- Suite -->
