<?xml version="1.0" encoding="UTF-8"?>
<!DOCTYPE suite SYSTEM "https://testng.org/testng-1.0.dtd">
<suite name="Suite" parallel="classes">
<listeners>
<listener class-name="sis.aps.utilities.listeners" />
</listeners>
  <test thread-count="5" name="Test">
    <classes>
     <class name="sis.aps.testcases.construct365ApproveMyCrewTimesheet"/>
     <class name="sis.aps.testcases.construct365ApproveMyTimesheet"/>
     <class name="sis.aps.testcases.construct365RejectMyCrewTimesheet"/>
     <class name="sis.aps.testcases.construct365RejectMyTimesheet"/>
     <class name="sis.aps.testcases.CrewTemplateTimesheet"/>
    </classes>
  </test> <!-- Test -->
</suite> <!-- Suite -->
