<?xml version="1.0" encoding="UTF-8"?>
<!DOCTYPE suite SYSTEM "https://testng.org/testng-1.0.dtd">
<suite name="Suite">
<listeners>
<listener class-name="sis.aps.utilities.listeners" />
</listeners>
  <test thread-count="1" name="Test">
    <classes>
    <class name="sis.aps.testcases.timesheet_fringesrates_scenario1_union_rate_greater_than_employee_rate"/>
    <class name="sis.aps.testcases.timesheet_fringesrates_scenario2_prevailingwage_greater_than_union_and_employe"/>
    <class name="sis.aps.testcases.timesheet_fringesrates_scenario3_non_certified_fringe_contribution"/>
    <class name="sis.aps.testcases.timesheet_fringesrates_scenario4_non_certified_employee_rate_greater"/>
    <class name="sis.aps.testcases.timesheet_fringesrates_scenario5_employee_rate_greater"/>
    <class name="sis.aps.testcases.timesheet_fringesrates_scenario6_away_from_home_site"/>
    </classes>
  </test> <!-- Test -->
</suite> <!-- Suite -->
