<?xml version="1.0" encoding="UTF-8"?>
<!DOCTYPE suite SYSTEM "https://testng.org/testng-1.0.dtd">
<suite name="Suite">
<listeners>
<listener class-name="sis.aps.utilities.listeners" />
</listeners>
  <test thread-count="5" name="Test">
    <classes>
    
   
   				<!-- MasterData_Union -->
     
     <class name="sis.aps.testcases.Dependency_CreateUnion"/>
     <class name="sis.aps.testcases.tc22_Unions_create"/>
     <class name="sis.aps.testcases.tc23_Unions_editanddelete"/>
     <class name="sis.aps.testcases.tc24_Fringes_create"/>
     <class name="sis.aps.testcases.tc25_Fringes_editanddelete"/>
     <class name="sis.aps.testcases.tc26_SpecialPay_create"/>
     <class name="sis.aps.testcases.tc27_SpecialPay_editanddelete"/>
     <class name="sis.aps.testcases.Dependency_Deleteunions"/>
     
    
     
    </classes>
  </test> <!-- Test -->
</suite> <!-- Suite -->
