<?xml version="1.0" encoding="UTF-8"?>
<!DOCTYPE suite SYSTEM "https://testng.org/testng-1.0.dtd">
<suite name="Suite">
<listeners>
<listener class-name="sis.aps.utilities.listeners" />
</listeners>
  <test thread-count="5" name="Test">
    <classes>
    
   
 		  		<!-- MasterData_Pay -->
     
     <class name="sis.aps.testcases.Create_PayPeriods_APS"/>
     <class name="sis.aps.testcases.Update_PayPeriods_APS"/>
     <class name="sis.aps.testcases.Delete_PayPeriods_APS"/>
     
     
    
     
    </classes>
  </test> <!-- Test -->
</suite> <!-- Suite -->
