<?xml version="1.0" encoding="UTF-8"?>
<!DOCTYPE suite SYSTEM "https://testng.org/testng-1.0.dtd">
<suite name="Suite">
<listeners>
<listener class-name="sis.aps.utilities.listeners" />
</listeners>
  <test thread-count="5" name="Test">
    <classes>
    
   
				<!-- MasterData_Operations -->
     
     <class name="sis.aps.testcases.Dependency_createProject"/>
     <class name="sis.aps.testcases.tc36_Projects_create"/>
     <class name="sis.aps.testcases.tc37_Projects_editanddelete"/> 
      <class name="sis.aps.testcases.Dependency_DeleteProject"/>
    
  
     
    </classes>
  </test> <!-- Test -->
</suite> <!-- Suite -->
