<?xml version="1.0" encoding="UTF-8"?>
<!DOCTYPE suite SYSTEM "https://testng.org/testng-1.0.dtd">
<suite name="Suite">
<listeners>
<listener class-name="sis.aps.utilities.listeners" />
</listeners>
  <test thread-count="5" name="Test">
    <classes>
    
   
   		<!-- 14 TestCases -->  <!-- 2 Dependency TestCases -->
     
     <class name="sis.aps.testcases.Dependency_createProject"/>
     <class name="sis.aps.testcases.tc34_Fieldexpenses_create"/>
     <class name="sis.aps.testcases.tc35_Fieldexpenses_editanddelete"/>
     <class name="sis.aps.testcases.tc36_Projects_create"/>
     <class name="sis.aps.testcases.tc37_Projects_editanddelete"/> 
     <class name="sis.aps.testcases.tc38_ProjectCategories_Create"/>
     <class name="sis.aps.testcases.tc39_Projectcategories_editanddelete"/>
     <class name="sis.aps.testcases.tc40_Projectcost_create"/>
     <class name="sis.aps.testcases.tc41_Projectcost_editanddelete"/>
     <class name="sis.aps.testcases.tc42_Taskcodes_create"/>
     <class name="sis.aps.testcases.tc43_Taskcodes_editanddelete"/>
     <class name="sis.aps.testcases.tc44_Customers_create"/>
     <class name="sis.aps.testcases.tc45_Customers_editanddelete"/>
     <class name="sis.aps.testcases.tc46_Prevailingwages_create"/>
     <class name="sis.aps.testcases.tc47_Prevailingwages_editanddelete"/>
     <class name="sis.aps.testcases.Dependency_DeleteProject"/>
     
    
     
    </classes>
  </test> <!-- Test -->
</suite> <!-- Suite -->
