<?xml version="1.0" encoding="UTF-8"?>
<!DOCTYPE suite SYSTEM "https://testng.org/testng-1.0.dtd">
<suite name="Suite">
<listeners>
<listener class-name="sis.aps.utilities.listeners" />
</listeners>
  <test thread-count="5" name="Test">
    <classes>
    
   
   		
     			<!-- MasterData_AdvancedPayroll -->
     
     <class name="sis.aps.testcases.tc34_Fieldexpenses_create"/>
     <class name="sis.aps.testcases.tc35_Fieldexpenses_editanddelete"/>
     
     
    
     
    </classes>
  </test> <!-- Test -->
</suite> <!-- Suite -->
