<?xml version="1.0" encoding="UTF-8"?>
<!DOCTYPE suite SYSTEM "https://testng.org/testng-1.0.dtd">
<suite name="Suite">
<listeners>
<listener class-name="sis.aps.utilities.listeners" />
</listeners>
  <test thread-count="5" name="Test">
    <classes>
     <class name="sis.aps.testcases.tc04_syncwithadp_operatingunits"/>
     <class name="sis.aps.testcases.tc05_syncwithadpedit_companies"/>
     <class name="sis.aps.testcases.tc06_syncwithadp_martialstatuses"/>
     <class name="sis.aps.testcases.tc07_syncwithadp_workingcategories"/>
     <class name="sis.aps.testcases.tc08_syncwithadp_ethnicorigins"/>
     <class name="sis.aps.testcases.tc09_syncwithadpedit_workers"/>
     <class name="sis.aps.testcases.tc10_syncwithadpedit_jobs"/>
     <class name="sis.aps.testcases.Dependency_CreateUnion"/>
     <class name="sis.aps.testcases.tc18_crafts_create"/>
     <class name="sis.aps.testcases.tc19_crafts_editanddelete"/>
     <class name="sis.aps.testcases.tc20_shifts_create"/>
     <class name="sis.aps.testcases.tc21_shifts_editanddelete"/> 
     <class name="sis.aps.testcases.tc22_Unions_create"/>
     <class name="sis.aps.testcases.tc23_Unions_editanddelete"/>
     <class name="sis.aps.testcases.tc24_Fringes_create"/>
     <class name="sis.aps.testcases.tc25_Fringes_editanddelete"/>
     <class name="sis.aps.testcases.tc26_SpecialPay_create"/>
     <class name="sis.aps.testcases.tc27_SpecialPay_editanddelete"/> 
     <class name="sis.aps.testcases.tc28_Unionreciprocity_create"/>
     <class name="sis.aps.testcases.tc29_Unionreciprocity_editanddelete"/>
     <class name="sis.aps.testcases.tc30_Vendors_create"/>
     <class name="sis.aps.testcases.tc31_Vendors_editanddelete"/> 
     <class name="sis.aps.testcases.tc32_UnionAgreements_create"/>
     <class name="sis.aps.testcases.tc33_UnionAgreements_editanddelete"/>
     <class name="sis.aps.testcases.Dependency_Deleteunions"/>
     <class name="sis.aps.testcases.Dependency_createProject"/>
     <class name="sis.aps.testcases.tc34_Fieldexpenses_create"/>
     <class name="sis.aps.testcases.tc35_Fieldexpenses_editanddelete"/>
     <class name="sis.aps.testcases.tc36_Projects_create"/>
     <class name="sis.aps.testcases.tc37_Projects_editanddelete"/> 
     <class name="sis.aps.testcases.tc38_ProjectCategories_Create"/>
     <class name="sis.aps.testcases.tc39_Projectcategories_editanddelete"/>
     <class name="sis.aps.testcases.tc40_Projectcost_create"/>
     <class name="sis.aps.testcases.tc41_Projectcost_editanddelete"/>
     <class name="sis.aps.testcases.tc42_Taskcodes_create"/>
     <class name="sis.aps.testcases.tc43_Taskcodes_editanddelete"/>
     <class name="sis.aps.testcases.tc44_Customers_create"/>
     <class name="sis.aps.testcases.tc45_Customers_editanddelete"/>
     <class name="sis.aps.testcases.tc46_Prevailingwages_create"/>
     <class name="sis.aps.testcases.tc47_Prevailingwages_editanddelete"/>
     <class name="sis.aps.testcases.Dependency_DeleteProject"/>
    </classes>
  </test> <!-- Test -->
</suite> <!-- Suite -->
