<?xml version="1.0" encoding="UTF-8"?>
<!DOCTYPE suite SYSTEM "https://testng.org/testng-1.0.dtd">
<suite name="Suite" parallel="classes">
<listeners>
<listener class-name="sis.aps.utilities.listeners" />
</listeners>
  <test thread-count="10" name="Test">
    <classes>
     <class name="sis.aps.testcases.timesheet_hourlyrates_scenario1"/>
     <class name="sis.aps.testcases.timesheet_hourlyrates_scenario2"/>
     <class name="sis.aps.testcases.timesheet_hourlyrates_scenario3"/>
     <class name="sis.aps.testcases.timesheet_hourlyrates_scenario4"/>
     <class name="sis.aps.testcases.timesheet_hourlyrates_scenario5"/>
     <class name="sis.aps.testcases.timesheet_hourlyrates_scenario6"/>
     <class name="sis.aps.testcases.timesheet_hourlyrates_scenario7"/>
     <class name="sis.aps.testcases.timesheet_hourlyrates_scenario8"/>
     <class name="sis.aps.testcases.timesheet_hourlyrates_scenario9"/>
     <class name="sis.aps.testcases.timesheet_hourlyrates_scenario10"/>
    </classes>
  </test> <!-- Test -->
</suite> <!-- Suite -->
