<?xml version="1.0" encoding="UTF-8"?>
<!DOCTYPE suite SYSTEM "https://testng.org/testng-1.0.dtd">
<suite name="Suite">
  <test name="Test">
    <classes>
        <class name="sis.aps.testcases.Dependency_CreateUnion"/>
        <class name="sis.aps.testcases.tc23_Unions_editanddelete"/>
        <class name="sis.aps.testcases.tc26_SpecialPay_create"/>
        <class name="sis.aps.testcases.tc27_SpecialPay_editanddelete"/> 
        <class name="sis.aps.testcases.tc28_Unionreciprocity_create"/>
        <class name="sis.aps.testcases.tc29_Unionreciprocity_editanddelete"/>
        <class name="sis.aps.testcases.Dependency_Deleteunions"/>
    </classes>
  </test> <!-- Test -->
</suite> <!-- Suite -->
